url,ProductName,MarketerName,Uses,Features,Directions,Safety
https://www.1mg.com/otc/sloan-s-liniment-kills-pain-reduces-swelling-strengthens-muscles-ligaments-otc315107,,,,,,
https://www.1mg.com/otc/iodex-ultra-gel-otc917747,,,,,,
https://www.1mg.com/otc/jiva-pain-calm-oil-pain-reliever-for-joint-pain-back-pain-frozen-shoulder-sprain-muscle-soreness-otc329877,,,,,,
https://www.1mg.com/otc/tripurna-pain-reliever-oil-60ml-each-otc966741,,,,,,
https://www.1mg.com/otc/himalaya-rumalaya-pain-relief-gel-quick-relief-from-body-pain-ayurvedic-gel-otc90714,,,,,,
https://www.1mg.com/otc/saridon-woman-fast-action-against-abdominal-body-pain-and-headaches-tablet-otc990184,,,,,,
https://www.1mg.com/otc/moov-pain-relief-ointment-for-back-pain-joint-pain-knee-pain-muscle-pain-otc377375,,,,,,
https://www.1mg.com/drugs/lubrijoint-od-tablet-123660,,,,,,
https://www.1mg.com/otc/moov-cool-therapy-gel-otc964102,,,,,,
https://www.1mg.com/otc/volini-pain-relief-gel-for-sprain-muscle-joint-neck-low-back-pain-bone-joint-muscle-care-otc138818,,,,,,
https://www.1mg.com/otc/collaflex-pro-plus-joint-health-supplement-capsule-otc923521,,,,,,
https://www.1mg.com/otc/omnigel-spray-from-cipla-for-fast-relief-from-pain-sprain-and-strain-otc333106,,,,,,
https://www.1mg.com/otc/volini-maxx-pain-relief-spray-for-back-neck-joint-muscle-pain-bone-joint-muscle-care-otc457560,,,,,,
https://www.1mg.com/otc/mcp-electric-heating-pad-blue-otc640000,,,,,,
https://www.1mg.com/otc/dynapar-qps-solution-otc139011,,,,,,
https://www.1mg.com/otc/pankajakasthuri-orthoherb-ayurvedic-oil-with-amla-for-joint-pain-relief-otc356687,,,,,,
https://www.1mg.com/otc/iodex-balm-for-pain-relief-from-headaches-sprains-neck-shoulder-joints-back-muscular-pain-otc370706,,,,,,
https://www.1mg.com/otc/jointace-trio-capsule-for-pain-relief-supports-flexible-joints-bone-joint-muscle-care-otc533457,,,,,,
https://www.1mg.com/otc/himalaya-wellness-himalaya-rumalaya-pain-balm-fast-relief-from-headache-and-neck-pain-ayurvedic-otc326446,,,,,,
https://www.1mg.com/otc/dr-ortho-ayurvedic-medicine-pain-relief-oil-bone-joint-muscle-care-oil-otc327460,,,,,,
