Price,Title,rating,Wireless Communication Technology,Included Components,Age Range (Description),Material,Control Type,Item Weight,Net Quantity,Style,Control Method,Number of Items,UPC,Manufacturer,Product Dimensions,Batteries,Item model number,Special features,Other display features,Form factor,Country of Origin,ASIN,Customer Reviews,Best Sellers Rank,Date First Available,Packer,Importer,Item Dimensions LxWxH,Generic Name
59900,"Apple AirPods Max Wireless Over-Ear Headphones, Pro-Level Active Noise Cancellation, Transparency Mode, Personalised Spatial Audio, USB-C Charging, Bluetooth Headphones for iPhone - Purple",3.8 out of 5 stars,Bluetooth,"AirPods Max (USB‑C), Documentation, Smart Case, USB-C Charge Cable",Adult,Plastic,Media Control,1 kg 540 g,3 Count,Contemporary,Touch,1,195949544491,"Apple, Apple Inc, One Apple Park Way, Cupertino, CA 95014, USA. or Apple India Private Limited No.24, 19th floor, Concorde Tower C, UB City, Vittal Mallya Road, Bangalore - 560 001",31 x 26.8 x 9.6 cm; 1.54 kg,1 Lithium Ion batteries required. (included),MWW83HN/A,Adjustable Headband,Premium Consumer Electronics Brands,"Over Ear, Over ear",China,B0DGJ7VK2X,"3.8  3.8 out of 5 stars    
    26 ratings   


 3.8 out of 5 stars","#36,629 in Electronics (See Top 100 in Electronics) #206 in Over-Ear Headphones",13 September 2024,Not Applicable for Apple (Always),"(If applicable) Apple India Private Limited No.24, 19th floor, Concorde Tower C, UB City, Vittal Mallya Road, Bangalore - 560 001",31 x 26.8 x 9.6 Centimeters,AirPods
199,"SPAZY CASE® Redmi Note 14 5G Tempered Glass | 9H Full HD, Full Edge Protection, Shatterproof, Anti Scratch Screen Guard for Redmi Note 14 5G",3.6 out of 5 stars,,,,Tempered Glass,,40 g,1.0 count,,,,,Spazy Case,14 x 8 x 1.27 cm; 40 g,,Redmi Note 14 - 111,,,,China,B0DBM32JKD,"3.6  3.6 out of 5 stars    
    399 ratings   


 3.6 out of 5 stars","#11,419 in Electronics (See Top 100 in Electronics) #426 in Mobile Screen Guards",15 July 2024,"Abids,Hyderabad,Telangana,500001","Abids,Hyderabad,Telangana,500001",14 x 8 x 1.3 Centimeters,Tempered Glass
